id,name,latitude,longitude,dpcapacity,online_date
456,2112 W Peterson Ave,41.991178,-87.683593,15,5/12/2015
101,63rd St Beach,41.781016,-87.57612,23,4/20/2015
109,900 W Harrison St,41.874675,-87.650019,19,8/6/2013
21,Aberdeen St & Jackson Blvd,41.877726,-87.654787,15,6/21/2013
80,Aberdeen St & Monroe St,41.880456,-87.653929,19,6/26/2013
346,Ada St & Washington Blvd,41.88283,-87.661206,15,10/10/2013
341,Adler Planetarium,41.866095,-87.607267,19,10/9/2013
444,Albany Ave & 26th St,41.844475,-87.702013,19,4/29/2015
511,Albany Ave & Bloomingdale Ave,41.914027,-87.705126,15,5/9/2015
376,Artesian Ave & Hubbard St,41.889492,-87.688219,35,4/27/2015
275,Ashland Ave & 13th St,41.865234,-87.666507,15,9/12/2013
208,Ashland Ave & 21st St,41.85381,-87.665897,15,8/15/2013
555,Ashland Ave & 50th St,41.803023,-87.664699,11,6/17/2016
563,Ashland Ave & 63rd St,41.779374,-87.664843,15,6/20/2016
565,Ashland Ave & 66th St,41.774074,-87.663815,11,6/21/2016
566,Ashland Ave & 69th St,41.768726,-87.664069,11,6/23/2016
368,Ashland Ave & Archer Ave,41.839209,-87.66561,19,4/13/2015
30,Ashland Ave & Augusta Blvd,41.899643,-87.6677,15,6/22/2013
246,Ashland Ave & Belle Plaine Ave,41.956061,-87.668869,11,8/26/2013
333,Ashland Ave & Blackhawk St,41.907066,-87.667252,15,9/27/2013
350,Ashland Ave & Chicago Ave,41.895966,-87.667747,15,10/22/2013
210,Ashland Ave & Division St,41.90345,-87.667747,19,8/16/2013
558,Ashland Ave & Garfield Blvd,41.792822,-87.664429,11,6/20/2016
347,Ashland Ave & Grace St,41.950687,-87.6687,15,10/12/2013
277,Ashland Ave & Grand Ave,41.891072,-87.666611,15,9/12/2013
383,Ashland Ave & Harrison St,41.874291,-87.667246,23,4/27/2015
119,Ashland Ave & Lake St,41.88541,-87.66732,19,7/28/2013
552,Ashland Ave & McDowell Ave,41.80887,-87.66454,11,6/17/2016
547,Ashland Ave & Pershing Rd,41.823465,-87.665577,11,6/16/2016
250,Ashland Ave & Wellington Ave,41.936083,-87.669807,19,8/26/2013
166,Ashland Ave & Wrightwood Ave,41.92883,-87.668507,15,7/25/2013
532,Austin Blvd & Lake St,41.887919,-87.774446,15,6/10/2016
496,Avers Ave & Belmont Ave,41.939448,-87.723554,19,5/13/2015
113,Bissell St & Armitage Ave,41.91844,-87.65222,15,9/5/2013
121,Blackstone Ave & Hyde Park Blvd,41.802562,-87.590368,19,8/28/2013
129,Blue Island Ave & 18th St,41.857556,-87.661535,15,7/25/2013
295,Broadway & Argyle St,41.972972,-87.659637,15,9/18/2013
300,Broadway & Barry Ave,41.937725,-87.644095,19,9/19/2013
296,Broadway & Belmont Ave,41.940106,-87.645451,15,9/18/2013
294,Broadway & Berwyn Ave,41.978353,-87.659753,15,9/18/2013
303,Broadway & Cornelia Ave,41.945512,-87.64598,15,9/19/2013
454,Broadway & Granville Ave,41.99478,-87.660285,15,5/11/2015
461,Broadway & Ridge Ave,41.984045,-87.660274,15,5/11/2015
256,Broadway & Sheridan Rd,41.952833,-87.649993,15,9/5/2013
458,Broadway & Thorndale Ave,41.989743,-87.660141,19,5/11/2015
304,Broadway & Waveland Ave,41.949546,-87.648674,15,9/19/2013
293,Broadway & Wilson Ave,41.965485,-87.657238,19,9/18/2013
2,Buckingham Fountain,41.872667,-87.623971,35,5/8/2015
468,Budlong Woods Library,41.983665,-87.696423,15,5/6/2015
4,Burnham Harbor,41.856268,-87.613348,23,5/16/2015
348,California Ave & 21st St,41.854016,-87.695445,15,10/14/2013
442,California Ave & 23rd Pl,41.84911,-87.69514,15,4/28/2015
445,California Ave & 26th St,41.84404,-87.695296,19,4/29/2015
502,California Ave & Altgeld St,41.926618,-87.697899,19,5/13/2015
487,California Ave & Byron St,41.952162,-87.698051,19,7/7/2015
216,California Ave & Division St,41.903029,-87.697474,15,8/16/2013
498,California Ave & Fletcher St,41.938429,-87.698008,19,5/4/2015
259,California Ave & Francis Pl,41.918121,-87.696972,15,9/12/2013
378,California Ave & Lake St,41.884454,-87.696298,15,4/27/2015
123,California Ave & Milwaukee Ave,41.922695,-87.697153,15,7/26/2013
481,California Ave & Montrose Ave,41.961068,-87.695439,15,7/7/2015
276,California Ave & North Ave,41.91044,-87.6972,11,9/12/2013
338,Calumet Ave & 18th St,41.857611,-87.619407,15,9/28/2013
370,Calumet Ave & 21st St,41.854184,-87.619154,15,5/1/2015
149,Calumet Ave & 33rd St,41.8349,-87.61793,11,8/3/2013
335,Calumet Ave & 35th St,41.831379,-87.618034,15,10/17/2013
415,Calumet Ave & 51st St,41.802295,-87.618054,19,4/16/2015
393,Calumet Ave & 71st St,41.765508,-87.616918,15,4/21/2015
504,Campbell Ave & Fullerton Ave,41.924632,-87.689307,15,5/21/2015
482,Campbell Ave & Montrose Ave,41.961526,-87.691165,15,5/14/2015
160,Campbell Ave & North Ave,41.910535,-87.689556,15,7/26/2013
192,Canal St & Adams St,41.879255,-87.639904,47,8/7/2013
169,Canal St & Harrison St,41.874337,-87.639566,15,7/23/2013
75,Canal St & Jackson Blvd,41.878412,-87.641052,31,6/15/2013
174,Canal St & Madison St,41.882091,-87.639833,27,7/28/2013
191,Canal St & Monroe St,41.880884,-87.639525,23,8/7/2013
414,Canal St & Taylor St,41.870257,-87.639474,15,11/25/2015
34,Cannon Dr & Fullerton Ave,41.926756,-87.634429,15,6/27/2013
92,Carpenter St & Huron St,41.894556,-87.653449,19,6/26/2013
541,Central Ave & Harrison St,41.872993,-87.764499,15,6/14/2016
542,Central Ave & Madison St,41.880121,-87.763238,15,6/14/2016
500,Central Park Ave & Elbridge Ave,41.935337,-87.716889,15,5/4/2015
508,Central Park Ave & North Ave,41.909657,-87.716632,15,4/30/2015
438,Central Park Ave & Ogden Ave,41.854204,-87.715406,19,4/29/2015
533,Central Park Blvd & 5th Ave,41.875679,-87.71547,15,6/10/2016
474,Christiana Ave & Lawrence Ave,41.968354,-87.711831,15,5/16/2015
538,Cicero Ave & Flournoy St,41.872131,-87.746619,15,6/15/2016
529,Cicero Ave & Lake St,41.886841,-87.745261,15,6/10/2016
539,Cicero Ave & Quincy St,41.877613,-87.745405,15,6/14/2016
196,Cityfront Plaza Dr & Pioneer Ct,41.890573,-87.622072,19,8/10/2013
159,Claremont Ave & Hirsch St,41.907781,-87.685854,11,7/26/2013
312,Clarendon Ave & Gordon Ter,41.957879,-87.649519,15,9/20/2013
245,Clarendon Ave & Junior Ter,41.961004,-87.649603,15,8/26/2013
251,Clarendon Ave & Leland Ave,41.967968,-87.650001,15,8/26/2013
394,Clark St & 9th St (AMLI),41.870816,-87.631246,15,8/26/2015
94,Clark St & Armitage Ave,41.918306,-87.636282,19,6/22/2013
463,Clark St & Berwyn Ave,41.977997,-87.668047,19,5/14/2015
460,Clark St & Bryn Mawr Ave,41.983593,-87.669154,15,5/11/2015
337,Clark St & Chicago Ave,41.896544,-87.630931,19,9/27/2013
449,Clark St & Columbia Ave,42.004451,-87.672402,15,5/12/2015
50,Clark St & Congress Pkwy,41.875933,-87.630585,27,6/16/2013
176,Clark St & Elm St,41.903233,-87.631253,19,8/1/2013
457,Clark St & Elmdale Ave,41.990894,-87.669583,19,5/11/2015
165,Clark St & Grace St,41.95078,-87.659172,19,8/3/2013
38,Clark St & Lake St,41.886021,-87.630876,27,4/18/2015
326,Clark St & Leland Ave,41.967096,-87.667429,11,9/27/2013
141,Clark St & Lincoln Ave,41.915689,-87.6346,23,8/16/2013
432,Clark St & Lunt Ave,42.009069,-87.673711,15,5/15/2015
234,Clark St & Montrose Ave,41.961588,-87.666036,19,8/21/2013
126,Clark St & North Ave,41.911974,-87.631942,15,7/29/2013
51,Clark St & Randolph St,41.884576,-87.63189,31,6/17/2013
301,Clark St & Schiller St,41.907993,-87.631501,19,9/19/2013
453,Clark St & Schreiber Ave,41.999252,-87.671377,15,5/12/2015
353,Clark St & Touhy Ave,42.01256,-87.674367,15,5/18/2015
156,Clark St & Wellington Ave,41.936497,-87.647539,15,8/2/2013
325,Clark St & Winnemac Ave,41.973385,-87.668365,19,9/23/2013
340,Clark St & Wrightwood Ave,41.929546,-87.643118,15,10/24/2013
223,Clifton Ave & Armitage Ave,41.918216,-87.656936,15,8/22/2013
253,Clifton Ave & Lawrence Ave,41.968873,-87.658857,15,9/5/2013
170,Clinton St & 18th St,41.85795,-87.640826,15,7/25/2013
66,Clinton St & Lake St,41.885464,-87.641253,19,6/20/2013
77,Clinton St & Madison St,41.882242,-87.641066,31,6/15/2013
103,Clinton St & Polk St,41.871467,-87.640949,15,5/8/2015
57,Clinton St & Roosevelt Rd,41.867118,-87.641088,15,6/17/2013
68,Clinton St & Tilden St,41.875885,-87.640795,23,6/24/2013
91,Clinton St & Washington Blvd,41.88338,-87.64117,31,6/15/2013
138,Clybourn Ave & Division St,41.904613,-87.640552,15,8/5/2013
195,Columbus Dr & Randolph St,41.884728,-87.619521,31,8/10/2013
518,Conservatory Dr & Lake St,41.885502,-87.716866,15,6/2/2016
417,Cornell Ave & Hyde Park Blvd,41.802406,-87.586924,19,4/16/2015
271,Cottage Grove Ave & 43rd St,41.816499,-87.606582,11,9/12/2013
336,Cottage Grove Ave & 47th St,41.809855,-87.606755,15,10/17/2013
351,Cottage Grove Ave & 51st St,41.803038,-87.606615,15,10/17/2013
427,Cottage Grove Ave & 63rd St,41.780599,-87.606112,19,4/20/2015
429,Cottage Grove Ave & 67th St,41.773721,-87.605635,15,4/21/2015
400,Cottage Grove Ave & 71st St,41.765719,-87.60496,19,4/21/2015
265,Cottage Grove Ave & Oakwood Blvd,41.822985,-87.6071,15,9/17/2013
81,Daley Center Plaza,41.884241,-87.629634,39,6/13/2013
554,Damen Ave & 51st St,41.800908,-87.674684,11,6/17/2016
561,Damen Ave & 61st St,41.783681,-87.674101,11,6/21/2016
183,Damen Ave & Augusta Blvd,41.899714,-87.677234,15,7/26/2013
310,Damen Ave & Charleston St,41.920082,-87.677855,11,9/20/2013
128,Damen Ave & Chicago Ave,41.895769,-87.67722,15,8/3/2013
163,Damen Ave & Clybourn Ave,41.931931,-87.677856,15,7/29/2013
219,Damen Ave & Cortland St,41.916027,-87.677411,11,8/20/2013
167,Damen Ave & Coulter St,41.8492,-87.67564,11,7/25/2013
124,Damen Ave & Cullerton St,41.855048,-87.675726,15,8/3/2013
130,Damen Ave & Division St,41.90331,-87.67695,15,7/26/2013
464,Damen Ave & Foster Ave,41.975615,-87.679459,15,5/13/2015
557,Damen Ave & Garfield Blvd,41.794587,-87.674254,11,6/20/2016
214,Damen Ave & Grand Ave,41.89122,-87.67686,15,8/16/2013
242,Damen Ave & Leland Ave,41.967094,-87.679028,15,8/22/2013
215,Damen Ave & Madison St,41.88137,-87.67493,15,8/15/2013
228,Damen Ave & Melrose Ave,41.9406,-87.6785,11,8/20/2013
546,Damen Ave & Pershing Rd,41.823192,-87.676597,11,6/16/2016
69,Damen Ave & Pierce Ave,41.909396,-87.677692,19,6/24/2013
316,Damen Ave & Sunnyside Ave,41.96325,-87.679258,19,9/25/2013
162,Damen Ave & Wellington Ave,41.93588,-87.67842,15,7/25/2013
60,Dayton St & North Ave,41.910578,-87.649422,19,6/18/2013
140,Dearborn Pkwy & Delaware Pl,41.898969,-87.629912,19,8/1/2013
37,Dearborn St & Adams St,41.879356,-87.629791,19,6/16/2013
110,Dearborn St & Erie St,41.893992,-87.629318,23,8/1/2013
49,Dearborn St & Monroe St,41.88132,-87.629521,27,6/16/2013
107,Desplaines St & Jackson Blvd,41.878287,-87.643909,23,4/25/2015
56,Desplaines St & Kinzie St,41.888716,-87.644448,27,6/17/2013
96,Desplaines St & Randolph St,41.884616,-87.644571,23,4/25/2015
416,Dorchester Ave & 49th St,41.805772,-87.592464,15,4/16/2015
428,Dorchester Ave & 63rd St,41.780406,-87.591416,15,4/20/2015
489,Drake Ave & Addison St,41.946782,-87.716422,23,5/13/2015
503,Drake Ave & Fullerton Ave,41.924399,-87.715441,15,5/1/2015
479,Drake Ave & Montrose Ave,41.961154,-87.716569,11,5/5/2015
6,DuSable Harbor,41.885042,-87.612795,31,4/24/2015
422,DuSable Museum,41.791568,-87.607852,15,7/7/2015
431,Eberhart Ave & 61st St,41.784142,-87.613308,15,4/20/2015
86,Eckhart Park,41.896373,-87.660984,15,6/26/2013
553,Elizabeth St & 47th St,41.80839,-87.656526,11,6/16/2016
418,Ellis Ave & 53rd St,41.799336,-87.600958,11,4/17/2015
420,Ellis Ave & 55th St,41.794301,-87.60145,19,4/17/2015
328,Ellis Ave & 58th St,41.788746,-87.601334,15,9/25/2013
426,Ellis Ave & 60th St,41.785097,-87.601073,19,4/17/2015
315,Elston Ave & Wabansia Ave,41.912919,-87.664169,23,9/21/2013
207,Emerald Ave & 28th St,41.84358,-87.645368,15,8/15/2013
339,Emerald Ave & 31st St,41.838198,-87.645143,11,9/28/2013
570,Evans Ave & 75th St,41.758308,-87.606685,11,6/23/2016
24,Fairbanks Ct & Grand Ave,41.89186,-87.62062,15,6/21/2013
436,Fairfield Ave & Roosevelt Rd,41.866624,-87.694521,15,4/27/2015
41,Federal St & Polk St,41.872078,-87.629544,19,4/25/2015
7,Field Blvd & South Water St,41.886349,-87.617517,19,4/18/2015
89,Financial Pl & Congress Pkwy,41.875009,-87.633106,31,5/8/2015
150,Fort Dearborn Dr & 31st St,41.838556,-87.608218,15,7/23/2013
471,Francisco Ave & Foster Ave,41.975633,-87.701419,15,5/14/2015
31,Franklin St & Chicago Ave,41.896802,-87.635638,23,6/22/2013
36,Franklin St & Jackson Blvd,41.877708,-87.635321,31,6/15/2013
164,Franklin St & Lake St,41.885837,-87.6355,23,8/3/2013
287,Franklin St & Monroe St,41.880317,-87.635185,27,9/13/2013
286,Franklin St & Quincy St,41.878724,-87.634793,23,9/14/2013
447,Glenwood Ave & Morse Ave,42.007972,-87.665502,15,5/15/2015
198,Green St & Madison St,41.881892,-87.648789,19,8/10/2013
112,Green St & Randolph St,41.883668,-87.64867,15,7/29/2013
319,Greenview Ave & Diversey Pkwy,41.932595,-87.665939,15,9/26/2013
188,Greenview Ave & Fullerton Ave,41.92533,-87.6658,15,7/29/2013
252,Greenwood Ave & 47th St,41.809835,-87.599383,15,8/27/2013
202,Halsted St & 18th St,41.857499,-87.646277,15,8/15/2013
135,Halsted St & 21st St,41.85378,-87.64665,11,7/24/2013
279,Halsted St & 35th St,41.830661,-87.647172,15,9/13/2013
262,Halsted St & 37th St,41.827059,-87.64572,11,10/1/2013
411,Halsted St & 47th Pl,41.808134,-87.645617,11,4/15/2015
384,Halsted St & 51st St,41.801832,-87.645214,15,4/15/2015
386,Halsted St & 56th St,41.79293,-87.64499,15,4/15/2015
593,Halsted St & 59th St,41.787539,-87.644874,11,6/21/2016
388,Halsted St & 63rd St,41.779381,-87.644621,15,4/21/2015
391,Halsted St & 69th St,41.769062,-87.644614,15,4/21/2015
206,Halsted St & Archer Ave,41.847203,-87.646795,15,8/14/2013
331,Halsted St & Blackhawk St,41.908537,-87.648627,19,9/28/2013
225,Halsted St & Dickens Ave,41.919936,-87.64883,15,8/19/2013
332,Halsted St & Diversey Pkwy,41.933666,-87.648959,20,9/28/2013
282,Halsted St & Maxwell St,41.864883,-87.647071,15,9/13/2013
365,Halsted St & North Branch St,41.899368,-87.64848,15,5/16/2015
108,Halsted St & Polk St,41.87184,-87.64664,19,8/6/2013
55,Halsted St & Roosevelt Rd,41.867324,-87.648625,23,6/17/2013
299,Halsted St & Roscoe St,41.94367,-87.64895,15,9/19/2013
224,Halsted St & Willow St,41.913778,-87.64884,19,8/22/2013
349,Halsted St & Wrightwood Ave,41.929143,-87.649077,15,10/28/2013
220,Hampden Ct & Diversey Pkwy,41.93262,-87.642385,23,8/19/2013
425,Harper Ave & 59th St,41.787943,-87.588315,15,4/17/2015
261,Hermitage Ave & Polk St,41.871514,-87.669886,15,9/5/2013
551,Hoyne Ave & 47th St,41.808227,-87.67718,11,6/17/2016
507,Humboldt Blvd & Armitage Ave,41.917513,-87.701809,19,5/1/2015
372,Humboldt Dr & Luis Munoz Marin Dr,41.900146,-87.702882,15,4/30/2015
147,Indiana Ave & 26th St,41.8457,-87.62248,15,7/23/2013
272,Indiana Ave & 31st St,41.838842,-87.621857,11,9/12/2013
201,Indiana Ave & 40th St,41.82168,-87.6216,15,8/14/2013
255,Indiana Ave & Roosevelt Rd,41.867888,-87.623041,31,9/5/2013
73,Jefferson St & Monroe St,41.880422,-87.642746,19,6/27/2013
352,Jeffery Blvd & 67th St,41.773518,-87.577143,15,4/22/2015
11,Jeffery Blvd & 71st St,41.766638,-87.57645,11,4/22/2015
395,Jeffery Blvd & 76th St,41.75712,-87.575839,15,4/23/2015
439,Kedzie Ave & 21st St,41.853534,-87.705073,15,4/28/2015
441,Kedzie Ave & 24th St,41.848191,-87.705414,15,4/29/2015
494,Kedzie Ave & Bryn Mawr Ave,41.982397,-87.708923,15,5/18/2015
373,Kedzie Ave & Chicago Ave,41.895465,-87.706128,15,4/29/2015
470,Kedzie Ave & Foster Ave,41.975672,-87.709261,15,5/6/2015
433,Kedzie Ave & Harrison St,41.8736,-87.704871,15,4/28/2015
377,Kedzie Ave & Lake St,41.884603,-87.706304,19,4/29/2015
476,Kedzie Ave & Leland Ave,41.966686,-87.708052,15,5/5/2015
260,Kedzie Ave & Milwaukee Ave,41.929567,-87.707857,19,9/17/2013
480,Kedzie Ave & Montrose Ave,41.96199,-87.708168,15,5/5/2015
290,Kedzie Ave & Palmer Ct,41.921525,-87.707322,15,10/9/2013
435,Kedzie Ave & Roosevelt Rd,41.866493,-87.706496,15,4/28/2015
483,Keeler Ave & Irving Park Rd,41.953858,-87.73257,19,5/6/2015
537,Kenton Ave & Madison St,41.880708,-87.741018,15,6/10/2016
495,Keystone Ave & Montrose Ave,41.961108,-87.72897,15,5/16/2015
497,Kimball Ave & Belmont Ave,41.939398,-87.711561,23,5/2/2015
322,Kimbark Ave & 53rd St,41.799568,-87.594747,19,9/21/2013
74,Kingsbury St & Erie St,41.893882,-87.641711,23,6/14/2013
133,Kingsbury St & Kinzie St,41.889177,-87.638506,27,4/25/2015
499,Kosciuszko Park,41.930585,-87.723777,15,5/1/2015
545,Kostner Ave & Adams St,41.877917,-87.735737,15,6/15/2016
536,Kostner Ave & Lake St,41.885928,-87.73541,15,6/13/2016
406,Lake Park Ave & 35th St,41.831274,-87.608799,19,4/14/2015
267,Lake Park Ave & 47th St,41.809443,-87.591875,15,9/17/2013
419,Lake Park Ave & 53rd St,41.799494,-87.58645,15,4/16/2015
345,Lake Park Ave & 56th St,41.793242,-87.587782,19,10/9/2013
334,Lake Shore Dr & Belmont Ave,41.940775,-87.639192,19,9/27/2013
329,Lake Shore Dr & Diversey Pkwy,41.932684,-87.63625,15,9/25/2013
76,Lake Shore Dr & Monroe St,41.880958,-87.616743,39,6/24/2013
268,Lake Shore Dr & North Blvd,41.911722,-87.626804,39,9/12/2013
99,Lake Shore Dr & Ohio St,41.89257,-87.614492,19,7/15/2013
157,Lake Shore Dr & Wellington Ave,41.936669,-87.636794,15,8/1/2013
459,Lakefront Trail & Bryn Mawr Ave,41.984037,-87.65231,19,5/11/2015
313,Lakeview Ave & Fullerton Pkwy,41.925858,-87.638973,19,9/20/2013
543,Laramie Ave & Gladys Ave,41.875806,-87.755285,15,6/14/2016
530,Laramie Ave & Kinzie St,41.887832,-87.755527,15,6/13/2016
540,Laramie Ave & Madison St,41.88051,-87.753933,15,6/14/2016
288,Larrabee St & Armitage Ave,41.918084,-87.643749,11,9/13/2013
359,Larrabee St & Division St,41.903486,-87.643353,19,5/2/2015
48,Larrabee St & Kingsbury St,41.897764,-87.642884,27,6/16/2013
28,Larrabee St & Menomonee St,41.91468,-87.64332,15,6/22/2013
27,Larrabee St & North Ave,41.91021,-87.6435,19,6/22/2013
364,Larrabee St & Oak St,41.900219,-87.642985,15,5/2/2015
144,Larrabee St & Webster Ave,41.921822,-87.64414,15,8/2/2013
40,LaSalle St & Adams St,41.879344,-87.631985,15,4/25/2015
181,LaSalle St & Illinois St,41.890749,-87.63206,31,7/21/2013
283,LaSalle St & Jackson Blvd,41.87817,-87.631985,31,9/14/2013
98,LaSalle St & Washington St,41.882664,-87.63253,15,7/15/2013
440,Lawndale Ave & 23rd St,41.849882,-87.717,15,5/7/2015
492,Leavitt St & Addison St,41.947029,-87.683367,15,5/13/2015
9,Leavitt St & Archer Ave,41.828792,-87.680604,19,4/14/2015
309,Leavitt St & Armitage Ave,41.917805,-87.682437,11,9/20/2013
311,Leavitt St & Lawrence Ave,41.968885,-87.684001,19,9/20/2013
213,Leavitt St & North Ave,41.910153,-87.68229,15,8/16/2013
330,Lincoln Ave & Addison St,41.946176,-87.673308,19,9/26/2013
298,Lincoln Ave & Belle Plaine Ave,41.955927,-87.679259,15,10/1/2013
131,Lincoln Ave & Belmont Ave,41.939365,-87.668385,15,9/23/2013
152,Lincoln Ave & Diversey Pkwy,41.932225,-87.658617,15,7/29/2013
127,Lincoln Ave & Fullerton Ave,41.925905,-87.64926,15,10/29/2013
243,Lincoln Ave & Leavitt St,41.962391,-87.684146,15,8/22/2013
230,Lincoln Ave & Roscoe St,41.94334,-87.67097,19,8/20/2013
257,Lincoln Ave & Waveland Ave,41.94911,-87.675112,15,9/9/2013
472,Lincoln Ave & Winona St,41.974911,-87.692503,15,5/6/2015
258,Logan Blvd & Elston Ave,41.930584,-87.685126,19,9/9/2013
366,Loomis St & Archer Ave,41.841633,-87.657435,15,4/13/2015
146,Loomis St & Jackson Blvd,41.877945,-87.662007,11,7/28/2013
320,Loomis St & Lexington St,41.872187,-87.661501,15,9/21/2013
19,Loomis St & Taylor St,41.869417,-87.660996,15,6/21/2013
477,Manor Ave & Leland Ave,41.966318,-87.701083,11,5/5/2015
455,Maplewood Ave & Peterson Ave,41.990236,-87.69337,15,5/12/2015
465,Marine Dr & Ainslie St,41.9716,-87.650154,23,7/17/2015
549,Marshfield Ave & 44th St,41.813996,-87.666589,11,6/16/2016
560,Marshfield Ave & 59th St,41.786833,-87.666215,11,6/20/2016
58,Marshfield Ave & Cortland St,41.916017,-87.668879,23,6/18/2013
544,Mason Ave & Madison St,41.87998,-87.773264,15,6/14/2016
567,May St & 69th St,41.768938,-87.652934,11,6/21/2016
171,May St & Cullerton St,41.855136,-87.654127,11,7/25/2013
217,May St & Fulton St,41.886773,-87.656001,15,8/16/2013
88,May St & Randolph St,41.88397,-87.655688,15,6/27/2013
22,May St & Taylor St,41.869482,-87.655486,15,6/21/2013
142,McClurg Ct & Erie St,41.894503,-87.617854,31,5/8/2015
26,McClurg Ct & Illinois St,41.89102,-87.6173,31,6/22/2013
62,McCormick Place,41.851375,-87.618835,27,6/18/2013
168,Michigan Ave & 14th St,41.864059,-87.623727,19,8/3/2013
273,Michigan Ave & 18th St,41.857813,-87.62455,23,9/12/2013
45,Michigan Ave & Congress Pkwy,41.876243,-87.624426,15,6/16/2013
284,Michigan Ave & Jackson Blvd,41.87785,-87.62408,23,9/14/2013
52,Michigan Ave & Lake St,41.886024,-87.624117,31,6/17/2013
197,Michigan Ave & Madison St,41.882134,-87.625125,19,8/10/2013
85,Michigan Ave & Oak St,41.90096,-87.623777,23,6/21/2013
25,Michigan Ave & Pearson St,41.89766,-87.62351,23,6/22/2013
43,Michigan Ave & Washington St,41.883893,-87.624649,43,6/16/2013
145,Mies van der Rohe Way & Chestnut St,41.898587,-87.621915,19,5/8/2015
173,Mies van der Rohe Way & Chicago Ave,41.89691,-87.621743,15,8/1/2013
443,Millard Ave & 26th St,41.844567,-87.71591,15,4/29/2015
90,Millennium Park,41.881032,-87.624084,35,6/16/2013
222,Milwaukee Ave & Rockwell St,41.920195,-87.693033,19,8/22/2013
158,Milwaukee Ave & Wabansia Ave,41.912616,-87.681391,15,7/26/2013
237,MLK Jr Dr & 29th St,41.842052,-87.617,15,8/21/2013
200,MLK Jr Dr & 47th St,41.809851,-87.616279,11,8/14/2013
421,MLK Jr Dr & 56th St,41.793429,-87.615853,15,4/20/2015
430,MLK Jr Dr & 63rd St,41.780081,-87.615943,15,4/21/2015
179,MLK Jr Dr & Oakwood Blvd,41.82256,-87.61615,15,7/24/2013
484,Monticello Ave & Irving Park Rd,41.954005,-87.719128,15,5/6/2015
249,Montrose Harbor,41.963982,-87.638181,31,8/26/2013
137,Morgan Ave & 14th Pl,41.862378,-87.651062,15,7/31/2013
14,Morgan St & 18th St,41.858086,-87.651073,15,6/20/2013
280,Morgan St & 31st St,41.8378,-87.65114,11,9/13/2013
71,Morgan St & Lake St,41.885483,-87.652305,15,6/24/2013
548,Morgan St & Pershing Rd,41.823613,-87.650931,11,6/16/2016
241,Morgan St & Polk St,41.871737,-87.65103,15,8/22/2013
97,Museum Campus,41.865212,-87.617759,35,6/26/2013
424,Museum of Science and Industry,41.791728,-87.583945,27,4/17/2015
29,Noble St & Milwaukee Ave,41.90068,-87.6626,15,6/22/2013
568,Normal Ave & 72nd St,41.763462,-87.637297,11,6/23/2016
209,Normal Ave & Archer Ave,41.849527,-87.640591,11,8/15/2013
486,Oakley Ave & Irving Park Rd,41.954341,-87.68608,15,5/13/2015
54,Ogden Ave & Chicago Ave,41.896362,-87.654061,19,6/17/2013
122,Ogden Ave & Congress Pkwy,41.87501,-87.67328,15,7/28/2013
186,Ogden Ave & Race Ave,41.891795,-87.658751,15,7/28/2013
434,Ogden Ave & Roosevelt Rd,41.866501,-87.684697,19,4/27/2015
23,Orleans St & Elm St,41.902924,-87.637715,15,6/21/2013
100,Orleans St & Merchandise Mart Plaza,41.888243,-87.63639,23,7/16/2013
16,Paulina Ave & North Ave,41.910337,-87.670072,11,8/12/2013
205,Paulina St & 18th St,41.857901,-87.668745,15,8/15/2013
297,Paulina St & Montrose Ave,41.961507,-87.671387,15,9/18/2013
134,Peoria St & Jackson Blvd,41.877749,-87.649633,19,7/25/2013
392,Perry Ave & 69th St,41.769293,-87.628196,15,5/7/2015
254,Pine Grove Ave & Irving Park Rd,41.954383,-87.648043,15,9/9/2013
232,Pine Grove Ave & Waveland Ave,41.949275,-87.646303,23,8/21/2013
410,Prairie Ave & 43rd St,41.816659,-87.619412,19,4/15/2015
204,Prairie Ave & Garfield Blvd,41.794853,-87.618691,15,8/14/2013
412,Princeton Ave & 47th St,41.809318,-87.633449,19,4/15/2015
385,Princeton Ave & Garfield Blvd,41.794982,-87.633124,15,4/24/2015
535,Pulaski Rd & Congress Pkwy,41.874325,-87.725704,15,6/15/2016
488,Pulaski Rd & Eddy St,41.945636,-87.727737,15,5/13/2015
528,Pulaski Rd & Lake St,41.885409,-87.726491,15,6/15/2016
534,Pulaski Rd & Madison St,41.880827,-87.726279,15,6/13/2016
136,Racine Ave & 13th St,41.865054,-87.656959,15,7/31/2013
274,Racine Ave & 15th St,41.861267,-87.656625,15,9/12/2013
15,Racine Ave & 18th St,41.858166,-87.656495,15,6/20/2013
367,Racine Ave & 35th St,41.830696,-87.655976,15,4/13/2015
562,Racine Ave & 61st St,41.783189,-87.654372,11,6/20/2016
564,Racine Ave & 65th St,41.775393,-87.654308,11,6/21/2016
226,Racine Ave & Belmont Ave,41.939743,-87.658865,15,8/19/2013
32,Racine Ave & Congress Pkwy,41.87464,-87.65703,19,6/21/2013
87,Racine Ave & Fullerton Ave,41.925563,-87.658404,19,6/26/2013
559,Racine Ave & Garfield Blvd,41.794694,-87.654947,11,6/20/2016
343,Racine Ave & Wrightwood Ave,41.928887,-87.658971,15,10/24/2013
398,Rainbow Beach,41.757871,-87.549386,19,4/23/2015
462,Ravenswood Ave & Balmoral Ave,41.97977,-87.675815,15,5/14/2015
314,Ravenswood Ave & Berteau Ave,41.957921,-87.673567,15,9/27/2013
244,Ravenswood Ave & Irving Park Rd,41.95469,-87.67393,19,8/22/2013
344,Ravenswood Ave & Lawrence Ave,41.96909,-87.674237,39,10/9/2013
238,Ravenswood Ave & Montrose Ave,41.961615,-87.674365,15,8/22/2013
263,Rhodes Ave & 32nd St,41.836208,-87.613533,11,9/17/2013
501,Richmond St & Diversey Ave,41.931902,-87.701195,15,5/5/2015
466,Ridge Blvd & Touhy Ave,42.012132,-87.682913,15,5/15/2015
180,Ritchie Ct & Banks St,41.906782,-87.626402,15,5/9/2015
478,Rockwell St & Eastwood Ave,41.9659,-87.693638,15,5/5/2015
172,Rush St & Cedar St,41.902309,-87.627691,11,5/9/2015
125,Rush St & Hubbard St,41.890011,-87.626293,15,5/8/2015
161,Rush St & Superior St,41.895765,-87.625908,23,5/9/2015
375,Sacramento Blvd & Franklin Blvd,41.889727,-87.70103,15,4/30/2015
397,Saginaw Ave & Exchange Ave,41.758746,-87.560115,11,4/23/2015
233,Sangamon St & Washington Blvd,41.883004,-87.651148,15,8/29/2013
485,Sawyer Ave & Irving Park Rd,41.953586,-87.709311,15,5/4/2015
111,Sedgwick St & Huron St,41.894666,-87.638437,19,8/1/2013
118,Sedgwick St & North Ave,41.911386,-87.638677,19,8/1/2013
236,Sedgwick St & Schiller St,41.907576,-87.638517,15,8/21/2013
143,Sedgwick St & Webster Ave,41.922167,-87.638888,15,8/3/2013
308,Seeley Ave & Roscoe St,41.943403,-87.679618,11,9/27/2013
3,Shedd Aquarium,41.867226,-87.615355,31,4/24/2015
114,Sheffield Ave & Addison St,41.946966,-87.654242,27,8/2/2013
67,Sheffield Ave & Fullerton Ave,41.925602,-87.653708,19,6/20/2013
20,Sheffield Ave & Kingsbury St,41.910522,-87.653106,15,6/21/2013
327,Sheffield Ave & Webster Ave,41.92154,-87.653818,19,9/25/2013
115,Sheffield Ave & Wellington Ave,41.936253,-87.653566,23,7/22/2013
93,Sheffield Ave & Willow St,41.913688,-87.652855,15,6/27/2013
302,Sheffield Ave & Wrightwood Ave,41.928712,-87.653833,19,9/20/2013
306,Sheridan Rd & Buena Ave,41.958494,-87.654966,15,9/23/2013
354,Sheridan Rd & Greenleaf Ave,42.010587,-87.662412,15,5/15/2015
240,Sheridan Rd & Irving Park Rd,41.954245,-87.654406,23,8/21/2013
323,Sheridan Rd & Lawrence Ave,41.969517,-87.654691,15,9/23/2013
451,Sheridan Rd & Loyola Ave,42.001044,-87.661198,15,5/15/2015
231,Sheridan Rd & Montrose Ave,41.96167,-87.65464,15,8/20/2013
401,Shields Ave & 28th Pl,41.842733,-87.635491,11,5/7/2015
402,Shields Ave & 31st St,41.838464,-87.635406,15,4/14/2015
409,Shields Ave & 43rd St,41.816208,-87.634819,15,4/15/2015
247,Shore Dr & 55th St,41.795212,-87.580715,19,8/23/2013
355,South Shore Dr & 67th St,41.773669,-87.567339,19,4/22/2015
12,South Shore Dr & 71st St,41.766409,-87.565688,15,4/22/2015
399,South Shore Dr & 74th St,41.762189,-87.559275,11,4/23/2015
154,Southport Ave & Belmont Ave,41.93949,-87.66378,15,7/29/2013
292,Southport Ave & Clark St,41.957081,-87.664199,11,9/14/2013
307,Southport Ave & Clybourn Ave,41.920771,-87.663712,15,9/25/2013
318,Southport Ave & Irving Park Rd,41.954177,-87.664358,15,9/21/2013
229,Southport Ave & Roscoe St,41.943739,-87.66402,19,8/29/2013
227,Southport Ave & Waveland Ave,41.94815,-87.66394,15,8/20/2013
153,Southport Ave & Wellington Ave,41.935733,-87.663576,19,7/25/2013
190,Southport Ave & Wrightwood Ave,41.928773,-87.663913,15,8/6/2013
506,Spaulding Ave & Armitage Ave,41.917184,-87.710357,15,4/30/2015
510,Spaulding Ave & Division St,41.902707,-87.70922,15,4/30/2015
211,St. Clair St & Erie St,41.894448,-87.622663,19,8/15/2013
469,St. Louis Ave & Balmoral Ave,41.980394,-87.716115,15,5/16/2015
178,State St & 19th St,41.856594,-87.627542,15,7/22/2013
193,State St & 29th St,41.841707,-87.626938,15,8/23/2013
148,State St & 33rd St,41.834734,-87.625813,11,8/27/2013
184,State St & 35th St,41.83104,-87.62688,19,8/3/2013
572,State St & 76th St,41.756971,-87.624621,11,6/23/2016
5,State St & Harrison St,41.874053,-87.627716,23,6/18/2013
47,State St & Kinzie St,41.88918,-87.6277,23,6/18/2013
106,State St & Pearson St,41.897448,-87.628722,27,8/1/2013
407,State St & Pershing Rd,41.823015,-87.626568,19,4/14/2015
44,State St & Randolph St,41.88473,-87.627734,27,6/16/2013
33,State St & Van Buren St,41.877181,-87.627844,27,6/25/2013
185,Stave St & Armitage Ave,41.917741,-87.691392,11,7/26/2013
264,Stetson Ave & South Water St,41.886835,-87.62232,19,9/18/2013
324,Stockton Dr & Wrightwood Ave,41.93132,-87.638742,15,10/3/2013
95,Stony Island Ave & 64th St,41.778701,-87.586788,15,5/7/2015
102,Stony Island Ave & 67th St,41.773458,-87.58534,11,4/22/2015
356,Stony Island Ave & 71st St,41.766493,-87.586461,11,4/22/2015
270,Stony Island Ave & 75th St,41.75867,-87.586883,15,4/24/2015
35,Streeter Dr & Grand Ave,41.892278,-87.612043,47,8/5/2013
491,Talman Ave & Addison St,41.946636,-87.694615,15,5/4/2015
177,Theater on the Lake,41.926277,-87.630834,23,8/13/2013
556,Throop St & 52nd St,41.799659,-87.657195,11,6/17/2016
490,Troy St & Elston Ave,41.945244,-87.70665,15,5/4/2015
509,Troy St & North Ave,41.909769,-87.70528,15,4/30/2015
408,Union Ave & 42nd St,41.817638,-87.643565,15,4/15/2015
84,Union Ave & Grand Ave,41.891,-87.645925,19,6/26/2013
423,University Ave & 57th St,41.791478,-87.599861,19,4/17/2015
72,Wabash Ave & 16th St,41.860384,-87.625813,15,6/24/2013
321,Wabash Ave & 8th St,41.871962,-87.626106,19,9/21/2013
39,Wabash Ave & Adams St,41.879472,-87.625689,23,4/18/2015
42,Wabash Ave & Cermak Rd,41.852619,-87.626488,11,6/18/2013
199,Wabash Ave & Grand Ave,41.891738,-87.626937,15,8/10/2013
59,Wabash Ave & Roosevelt Rd,41.867227,-87.625961,23,6/18/2013
194,Wabash Ave & Wacker Pl,41.886875,-87.62603,19,8/10/2013
18,Wacker Dr & Washington St,41.883272,-87.637313,19,4/18/2015
278,Wallace St & 35th St,41.830629,-87.64129,15,9/13/2013
448,Warren Park East,42.00455,-87.680666,15,5/12/2015
450,Warren Park West,42.002007,-87.689726,15,5/12/2015
437,Washtenaw Ave & 15th St,41.86148,-87.693374,19,5/28/2015
475,Washtenaw Ave & Lawrence Ave,41.968711,-87.69617,15,5/5/2015
218,Wells St & 19th St,41.856802,-87.633879,11,8/23/2013
289,Wells St & Concord Ln,41.912133,-87.634656,19,9/14/2013
182,Wells St & Elm St,41.903222,-87.634324,23,6/16/2015
291,Wells St & Evergreen Ave,41.906724,-87.63483,19,9/14/2013
212,Orleans St & Ohio St,41.892154,-87.636928,23,8/16/2013
53,Wells St & Huron St,41.894729,-87.633775,19,6/17/2013
175,Wells St & Polk St,41.872373,-87.633523,19,8/3/2013
46,Wells St & Walton St,41.89993,-87.63443,19,6/14/2013
132,Wentworth Ave & 24th St,41.849237,-87.631715,15,9/5/2013
403,Wentworth Ave & 33rd St,41.83453,-87.631823,15,4/14/2015
390,Wentworth Ave & 63rd St,41.78008,-87.629746,15,5/18/2015
120,Wentworth Ave & Archer Ave,41.853605,-87.631886,23,8/6/2013
203,Western Ave & 21st St,41.85394,-87.685243,15,8/15/2013
281,Western Ave & 24th St,41.84847,-87.685109,15,9/13/2013
446,Western Ave & 28th St,41.841518,-87.685131,15,5/21/2015
382,Western Ave & Congress Pkwy,41.874749,-87.686445,19,4/27/2015
305,Western Ave & Division St,41.902893,-87.687275,15,9/21/2013
452,Western Ave & Granville Ave,41.994161,-87.689438,15,5/12/2015
239,Western Ave & Leland Ave,41.966555,-87.688487,19,8/21/2013
467,Western Ave & Lunt Ave,42.008594,-87.690492,15,5/15/2015
381,Western Ave & Monroe St,41.879788,-87.686113,15,4/27/2015
493,Western Ave & Roscoe St,41.943026,-87.687395,15,5/4/2015
374,Western Ave & Walton St,41.898418,-87.686596,15,4/27/2015
116,Western Ave & Winnebago Ave,41.915533,-87.687051,15,7/26/2013
594,Western Blvd & 48th Pl,41.805661,-87.683392,15,6/17/2016
117,Wilton Ave & Belmont Ave,41.94018,-87.65304,23,8/2/2013
13,Wilton Ave & Diversey Pkwy,41.932418,-87.652705,27,6/20/2013
505,Winchester Ave & Elston Ave,41.924091,-87.67646,15,5/7/2015
342,Wolcott Ave & Polk St,41.871262,-87.673688,15,10/12/2013
369,Wood St & 35th St,41.830105,-87.670298,11,4/14/2015
17,Wood St & Division St,41.90332,-87.67273,15,6/20/2013
285,Wood St & Grand Ave,41.89113,-87.67203,15,9/13/2013
61,Wood St & Milwaukee Ave,41.907655,-87.672552,15,6/18/2013
317,Wood St & Taylor St,41.869154,-87.671045,23,9/21/2013
248,Woodlawn Ave & 55th St,41.795264,-87.596471,19,8/23/2013
569,Woodlawn Ave & 75th St,41.75916,-87.595751,15,6/23/2016
413,Woodlawn Ave & Lake Park Ave,41.814093,-87.597005,15,4/14/2015
396,Yates Blvd & 75th St,41.758768,-87.56644,11,5/7/2015
596,Benson Ave & Church St,42.048214,-87.683485,15,6/29/2016
601,Central St Metra,42.063598,-87.69873,15,6/29/2016
597,Chicago Ave & Washington St,42.032562,-87.679101,15,6/29/2016
600,Dodge Ave & Church St,42.048308,-87.698224,15,6/29/2016
607,Cuyler Ave & Augusta St,41.898168,-87.783055,11,6/30/2016
617,East Ave & Garfield St,41.871312,-87.788938,19,6/27/2016
614,East Ave & Madison St,41.880113,-87.789247,15,6/28/2016
609,Forest Ave & Lake St,41.88891,-87.800255,15,6/30/2016
608,Humphrey Ave & Ontario St,41.890491,-87.776842,11,6/30/2016
618,Lombard Ave & Garfield St,41.87055,-87.77919,19,6/27/2016
615,Lombard Ave & Madison St,41.87981,-87.779425,15,6/28/2016
610,Marion St & South Blvd,41.88681,-87.80287,19,6/30/2016
616,Oak Park Ave & Harrison St,41.872987,-87.793945,19,6/27/2016
611,Oak Park Ave & South Blvd,41.886923,-87.793899,19,6/30/2016
613,Wisconsin Ave & Madison St,41.879837,-87.80224,11,6/28/2016
